Clase,Frecuencia
0.662181727,72
1.985943191,188
3.309704655,219
4.633466119,183
5.957227583,137
7.280989047,77
8.60475051,50
9.928511974,40
11.25227344,19
12.5760349,9
13.89979637,4
y mayor...,2
